,pid,nnodes,nedges,tsec,mde,lde
0,1n6t,30,236,0.0002137,8.09011e-12,3.63836e-10
1,1fw5,60,558,0.000508,3.46889e-12,1.10217e-10
2,1adx,120,1008,0.0008713,6.10829e-12,8.79343e-10
3,1bdo,241,2167,0.0018947,1.31669e-11,7.04861e-10
4,1all,480,4932,0.0045928,3.43939e-12,3.76301e-09
5,6s61,522,5298,0.0048742,7.10212e-12,5.00825e-09
6,4wua,1033,9727,0.0086632,6.09892e-12,2.82231e-09
7,1fhl,1002,9811,0.0090241,1.7136e-11,4.04195e-09
8,6czf,1494,14163,0.0127221,4.14151e-12,1.61598e-09
9,5ijn,1950,18266,0.0163462,1.79402e-11,7.33918e-09
10,6rn2,2052,19919,0.0176978,1.1571e-11,5.96781e-09
11,1cza,2694,26452,0.0233354,6.11246e-11,2.18877e-08
12,6bco,2856,27090,0.0240786,1.44864e-11,2.38337e-08
13,1epw,3861,35028,0.0308747,1.93808e-10,6.06432e-08
14,5np0,7584,80337,0.0732354,1.46706e-10,3.8224e-07
15,5nug,8760,82717,0.0702631,6.07462e-10,2.4901e-06
16,4rh7,9015,85831,0.075049,2.15147e-10,7.74517e-07
17,3vkh,9126,87621,0.0765563,8.92141e-10,7.54572e-06
